train_1,train_2,train_3,train_4,train_5,train_6,train_7,train_8,train_9,train_10,train_11,train_12,train_13,train_14,train_15,train_16,train_17,train_18,train_19,train_20,train_21,train_22,train_23,train_24,train_25,train_26,train_27,train_28,train_29,train_30,train_31,train_32,train_33,train_34,train_35,train_36,train_37,train_38,train_39,train_40,train_41,train_42,train_43,train_44,train_45,train_46,train_47,train_48,train_49,train_50,train_51,train_52,train_53
0.000796483272314072,5826.80285640212,7266.80076180322,14.6608120792442,29.3259673133449,53.0524523470477,2791.8488889641,65.1733747507985,128.123892768548,0.431621803919886,74.0578522935106,50.4970449454861,2690.97423877763,40.0500598561838,50.2968196566476,3355.21298098011,36.1823799765736,51.4350644018733,8.13468699786898,263.547055727591,96.8157365986385,73.4707731408066,36.4199129619407,8.75011282230066,22.336432147572,7.95239235102768,17.031695734003,3.88580442211111,40.9837283259764,15.848454246682,15.6617011392847,0.677327634101035,15.4349147186374,5.72711463192988,3.84556016172406,1.82119914166451,0.0161513034042527,1.2119668119919,0.436267068348561,53.3512215570686,43.5133597108321,100,86.8968598685416,61.2504711625158,96.5281550211357,1,45.4636215670074,60.9698415956489,74.5110559571682,1,60.0437089889865,35.7797293115701,100
-0.00166665607094765,5814.70765907991,7248.33648086717,14.7502356568324,29.1653758428004,53.2557946086465,2786.83832772995,64.4837163048958,128.155094308924,0.3826713738726,74.1592844157208,49.0106674239096,2686.10970269657,40.0136003620713,49.2707059145833,3349.45996549129,35.946862268194,51.4683528072415,7.33614363654915,262.436354183408,96.8687949887424,73.1687318741653,36.4199129619407,8.75011282230066,22.336432147572,7.95239235102768,17.031695734003,3.88580442211111,40.9837283259764,15.848454246682,15.6617011392847,0.677327634101035,15.4349147186374,5.72711463192988,3.84556016172406,1.82119914166451,0.0161513034042527,1.2119668119919,0.436267068348561,53.3512215570686,43.5133597108321,100,86.8474217234665,76.253193206672,96.6151402528436,1,40.7934257294308,60.9334171011796,74.5110243109622,1,59.9064716838568,36.5933360422052,100
-0.00174457302689552,5801.623377461,7228.42070054796,14.6577728908498,29.0244848183965,52.9361936682208,2783.78633086299,63.9310285874663,128.160369726969,0.326089518320082,74.1734501883122,49.821708218917,2682.90867608917,39.9904058903056,47.9211430157326,3346.28759857467,36.1868934952457,51.4764687278469,5.62668804715419,260.724359839962,96.8958076477964,72.6281339670806,36.2802668676483,8.85845852906155,22.2980697227513,7.9015666195714,17.5677805833904,3.86385513274451,41.2369797183707,15.8488641910375,15.7764252575473,0.651914223735454,15.264035909692,5.72794870542872,3.78297856669066,1.7777366781962,0.0161513034042527,1.2119668119919,0.436267068348561,53.3512215570686,43.5133597108321,100,86.8284104285365,91.2513850176026,96.6364967236805,1,34.8814016393363,60.9341484616418,74.5217456056459,1,60.0879388630334,36.5641145862629,100
0.00119356936812401,5792.67555220751,7236.9883400892,14.8181163238039,28.8041622981707,53.056003784149,2782.12263599369,65.3428242198293,128.175578858395,0.260910598527769,74.1428375289019,50.1168695776884,2680.83454902054,39.9141814779192,48.0803380511967,3344.21393279279,36.0755348356559,51.4254446018721,6.51313736426825,259.47018586462,96.9190939218685,72.3605209857752,36.2802668676483,8.85845852906155,22.2980697227513,7.9015666195714,17.5677805833904,3.86385513274451,41.2369797183707,15.8488641910375,15.7764252575473,0.651914223735454,15.264035909692,5.72794870542872,3.78297856669066,1.7777366781962,0.0161513034042527,1.2119668119919,0.436267068348561,53.3512215570686,43.5133597108321,100,86.8009539321746,100,96.6401695218498,1,28.2058387265034,60.8800743268533,74.5121416908614,1,59.9298951468423,36.5715997548285,100
-0.000332994192838669,5832.58691791766,7236.13423333436,14.7486400673049,28.8211975496821,52.9031287095539,2780.74119628512,66.0560133605254,128.18413341753,0.202885184384106,74.1106952965584,48.1110878597272,2680.74627166847,40.2165354170476,50.1463836373123,3342.91619862701,36.1252625045879,51.3718282739229,5.69194052594648,258.061797783986,96.9032525638864,71.927828145791,35.8661374716974,8.92623893119432,22.2474591368702,7.94355527908179,17.2862163301934,3.91141307258529,40.7016465408157,15.7410273067512,15.7616897795681,0.712663370929871,15.9376145104003,5.751708323403,3.88588154404591,1.8018399016894,0.0161513034042527,1.2119668119919,0.436267068348561,53.3512215570686,43.5133597108321,100,86.8063074829417,100,96.63576809878,1,21.6640099154596,60.8747847403575,74.5110478496098,1,59.9465554631206,39.4883965347233,100
0.000530126935243607,5816.69805493636,7252.52776482912,14.6284959756918,28.8382509974007,52.6231333868586,2781.16875153122,64.5060510050166,128.181868814713,0.153822453564767,74.0307435444435,49.5344609841236,2680.88718842467,39.8815976137873,48.1121530346605,3343.90085369645,36.0136269535374,51.2536623496616,5.45043909225268,257.253544278154,96.8930485790379,71.5969552189046,35.8661374716974,8.92623893119432,22.2474591368702,7.94355527908179,17.2862163301934,3.91141307258529,40.7016465408157,15.7410273067512,15.7616897795681,0.712663370929871,15.9376145104003,5.751708323403,3.88588154404591,1.8018399016894,0.0196446098920514,1.22525576276299,0.428369569591914,53.2673225284694,44.021837272008,100,86.7691342804779,100,96.6448273225328,1,16.5260802477357,60.7907520921456,74.4485852012778,1,59.9637102690656,39.199493059854,100
-0.00127338353991508,5788.51564861603,7222.66988094041,14.7808139991538,28.6424844635894,52.4889451597238,2782.24400566207,65.6144302521665,128.190220196829,0.115602505686915,73.8665265047659,47.9863512665802,2682.76441108964,39.8997566335244,48.2462182024726,3345.13894958922,36.0751901714646,51.1152654284182,8.18599548737034,256.517617086227,96.8950858601184,71.2357966803851,34.9152020775585,8.80158709092083,22.6941063768846,7.98652754484934,17.4966569684058,3.96259152711301,39.7983976578203,16.0640629188475,16.424307388718,0.752523919031542,15.4771782009348,5.76441920405693,3.87714965015259,1.85944292579969,0.0196446098920514,1.22525576276299,0.428369569591914,53.2673225284694,44.021837272008,100,86.7819880221809,100,96.7760366216635,1,12.6732289931935,60.7429917840017,74.4572872671617,1,60.1374137771311,37.3236543128221,100
0.000699051457643509,5807.94702365196,7260.19699955596,14.8357411049718,28.3188083036014,52.2841920540983,2783.49248393625,66.3572754617134,128.202121578379,0.0889536605227389,73.6806136039011,48.0610669010763,2684.20996005058,39.9917832087684,48.9045148228062,3346.95306086719,36.1505912204629,50.926090115544,6.93912846844101,254.991194369446,96.8789774734809,70.7474517655053,34.9152020775585,8.80158709092083,22.6941063768846,7.98652754484934,17.4966569684058,3.96259152711301,39.7983976578203,16.0640629188475,16.424307388718,0.752523919031542,15.4771782009348,5.76441920405693,3.87714965015259,1.85944292579969,0.0196446098920514,1.22525576276299,0.428369569591914,53.2673225284694,44.021837272008,100,86.7876277211694,100,96.7999192001964,1,9.74559434542714,60.7137553806916,74.4347243724217,1,59.935558217128,36.0517046989627,100
-0.000292221468687057,5829.66413135571,7243.62294092759,14.7985422362148,28.429249302906,52.6503468482451,2784.86339490146,66.4924446794431,128.181851325798,0.0692657663589339,73.4459116030753,49.228689895412,2684.66005646815,39.8756624180322,48.8779443627254,3348.19644204896,36.0184049302458,50.702378573687,5.46411546309796,253.787785969716,96.9159652334471,70.3670838826972,35.2634410157918,8.83216257847397,22.872267623083,7.95636925485595,17.8143319496158,3.94760743918417,39.2402163763237,15.9434072789521,16.7948293361947,1.04627623628968,16.0540676333181,5.81013607801304,3.87227482208997,1.84391270882111,0.0196446098920514,1.22525576276299,0.428369569591914,53.2673225284694,44.021837272008,99.9994476675631,86.7864220191602,100,96.7673620549252,1,7.61744907158747,60.7271841919102,74.4109640669507,1,60.0756408099152,39.7135204789943,100
0.00231463735699654,5824.12374185225,7238.54434273062,14.7131808860877,28.3520878153691,52.1169679236274,2786.50059096406,66.6801126489875,128.193038356387,0.0529381313422322,73.2842142976068,49.2031971815776,2687.47491940319,40.1594633136283,47.4123981524159,3350.38960931989,35.9791074906484,50.4733846859651,6.1045843409382,253.336849513955,96.9260802699304,70.3022058076323,35.2634410157918,8.83216257847397,22.872267623083,7.95636925485595,17.8143319496158,3.94760743918417,39.2402163763237,15.9434072789521,16.7948293361947,1.04627623628968,16.0540676333181,5.81013607801304,3.87227482208997,1.84391270882111,0.0196446098920514,1.22525576276299,0.428369569591914,53.2673225284694,44.021837272008,100,86.8042804028402,100,96.7421521239083,1,6.03734053661195,60.7041635700779,74.3795239173239,1,59.9790452450757,41.7281033675945,100
0.000977164596319198,5821.90940608776,7231.6790159954,14.7719766120399,28.1482732786505,52.1571996012996,2789.19470154065,66.9723468961954,128.183037055601,0.0507380839449415,73.1036125989449,49.4141202361156,2689.93385468397,39.9542171455311,45.0264569665239,3353.998560945,36.0521108441822,50.2446474296502,6.08150927112647,252.210435262546,96.9323118330283,69.8073934809254,34.3004018726232,8.89417793560156,23.1966514634326,8.04359118620034,17.5826074461735,3.993020252178,38.391959040857,16.1134334911003,16.4572138498029,0.76140250597352,16.1182361970333,5.80605425951313,3.72413235600975,1.79456663207652,0.0113765150642264,1.23525593608701,0.441529478629339,52.2126875667398,42.5879660049546,100,86.7439284202704,100,96.6720689222647,1,5.1227551652984,60.7077967109283,74.3909302930595,1,59.831711086985,44.2836875727787,100
-0.000376628977060318,5772.84609760663,7260.93630489075,14.7965787130537,28.0674227558306,51.8257302849369,2790.17820582975,67.0245683624279,128.183438180693,0.0376958305939514,72.8197464079001,48.7528209938693,2690.04703296267,40.0427437269699,43.6596569547456,3355.35346370528,35.787293594365,49.9833608248009,7.05184860988319,250.939683975588,96.9715942957319,69.3975054518059,34.3004018726232,8.89417793560156,23.1966514634326,8.04359118620034,17.5826074461735,3.993020252178,38.391959040857,16.1134334911003,16.4572138498029,0.76140250597352,16.1182361970333,5.80605425951313,3.72413235600975,1.79456663207652,0.0113765150642264,1.23525593608701,0.441529478629339,52.2126875667398,42.5879660049546,100,86.703340771166,100,96.6585362038848,1,4.40390932815718,60.7321190617485,74.3414455593053,1,59.7881606154103,40.8041352908993,100
0.000189782041311264,5811.01235260762,7241.29154184806,14.789355641522,27.8117947778187,52.2865073248312,2792.14424060442,67.1873441346804,128.180995978486,0.0341213126499436,72.5289058799421,48.0330242460647,2692.7927885155,39.8281809261935,44.1406453465189,3356.87681761088,36.0896137465976,49.699883686338,7.56082031758352,250.819170390956,97.0197571688896,69.0816456947116,34.1401325631847,9.0992247864146,22.9668424631852,8.06964065597589,17.8152557182052,3.94851859151204,38.3177335928146,16.3866733812353,16.936840385136,0.732291389454787,16.5084399628254,5.86813151616709,3.70086800182688,1.77582747201925,0.0113765150642264,1.23525593608701,0.441529478629339,52.2126875667398,42.5879660049546,100,86.6861895850222,100,96.6774065617059,1,3.87121412526453,60.7504190725002,74.3338164937883,1,59.7086180809002,41.5569041735017,100
-0.000898713129758835,5812.61911865271,7219.65069484484,14.8259653846884,27.7793680113428,52.0368099120614,2793.99259261219,67.1454130618259,128.177458505646,0.0335574813805238,72.3291672069373,48.6941877617295,2694.99031242626,39.8874502342464,43.8229053985683,3360.10848895604,35.7921728395429,49.4165277807538,6.17180989636193,249.817392975065,97.0321732096344,68.8400590238937,34.1401325631847,9.0992247864146,22.9668424631852,8.06964065597589,17.8152557182052,3.94851859151204,38.3177335928146,16.3866733812353,16.936840385136,0.732291389454787,16.5084399628254,5.86813151616709,3.70086800182688,1.77582747201925,0.0113765150642264,1.23525593608701,0.441529478629339,52.2126875667398,42.5879660049546,100,86.6682531770693,100,96.7306060572574,1,3.82237609916261,60.7556824849977,74.3053478964679,1,59.6185297811466,42.4357281481399,100
-0.0010337848842144,5807.41703220404,7245.00248715417,14.7791971754405,28.0391758839642,52.0624454938027,2796.3074971156,67.5755019507049,128.163789452437,0.0400518712058584,72.0511258702117,50.0070019336861,2697.15394388192,39.9220386962122,44.0287487866623,3363.25117466378,36.0174584243155,49.1343562596612,8.56598005315131,248.654174138387,97.0614805411549,68.3411116875179,33.6836190906585,8.98146186373962,23.6418887684144,8.12380406066363,17.5923296250444,3.97263630839252,37.3494252890345,16.5439169368446,17.4269539457622,0.708626526899576,17.0260527793373,5.8601019110942,3.70359252722121,1.70586593237926,0.0113765150642264,1.23525593608701,0.441529478629339,52.2126875667398,42.5879660049546,100,86.6527107684561,100,96.7641279905388,1,4.4649069026748,60.7789391070164,74.2954849617219,1,59.4269922788707,44.1899795716827,100
0.00307410977482796,5782.80267319063,7278.73703482578,14.7382031206235,27.5749180003431,51.9194785245206,2798.01509698061,68.4828436462795,128.171225542127,0.0492724997903117,71.7021900034109,48.0339626877007,2697.93863190261,39.9686675647093,43.1991813232653,3364.51361789938,35.8368730628948,48.8177791087929,6.18605454829487,248.273417857395,97.1146596331014,68.0740730727718,33.6836190906585,8.98146186373962,23.6418887684144,8.12380406066363,17.5923296250444,3.97263630839252,37.3494252890345,16.5439169368446,17.4269539457622,0.708626526899576,17.0260527793373,5.8601019110942,3.70359252722121,1.70586593237926,0.0125386601155288,1.32354618365425,0.454723961881966,52.9019719497913,42.9207539734589,100,86.7104804432258,100,96.8197196698808,1,5.4884514409143,60.8589242232847,74.2613951071756,1,59.2297746931497,43.0284882533872,100
0.00227573613524437,5831.99607624806,7264.64019384319,14.6702801166197,27.9232036914207,51.9321445866235,2799.94358017323,68.165209569059,128.187147449382,0.0639486928306916,71.4424808635115,49.4137251326646,2700.03279983152,39.9199601741211,42.9772250919885,3366.69299756873,35.7541394127884,48.5105949746529,6.13684010151244,247.24269148924,97.1539043185104,67.5839125913912,33.8611378955385,9.12595109082694,23.583281459894,8.31855633320767,18.1781725927623,3.95350929628674,37.1505553306769,16.9045138693782,17.6896505812727,0.748172750389696,17.1757483801794,5.87042314041664,3.579451344762,1.66340561078113,0.0125386601155288,1.32354618365425,0.454723961881966,52.9019719497913,42.9207539734589,100,86.7640976011244,100,96.6332998044999,1,7.02886464699111,60.908709923171,74.2370593033567,1,59.0155199311048,42.8351922870152,100
-0.0019177865087986,5825.8431145171,7253.62848926847,14.84415771715,27.5401089350182,51.4822613800835,2801.80071473918,68.5338558399535,128.169855761843,0.0798012027177626,71.2100006584006,49.1557111493805,2702.02032398456,40.0099811947127,41.4980502696153,3368.47749086231,35.8519936252727,48.2200279355009,8.53884188818855,246.566159481906,97.1913717936602,67.4771726293375,33.8611378955385,9.12595109082694,23.583281459894,8.31855633320767,18.1781725927623,3.95350929628674,37.1505553306769,16.9045138693782,17.6896505812727,0.748172750389696,17.1757483801794,5.87042314041664,3.579451344762,1.66340561078113,0.0125386601155288,1.32354618365425,0.454723961881966,52.9019719497913,42.9207539734589,100,86.8144152949661,100,96.5935168403178,1,8.85960511157336,60.9509918889871,74.2228689283489,1,59.1233799172573,46.2603801035404,100
-3.90012323856354e-05,5814.24659242428,7286.10097584016,14.7018285297515,27.4169782087777,51.6887471116312,2803.0926803658,68.2819815190521,128.145837657892,0.100666853304144,70.9552979505917,47.6248141094174,2702.91905919728,40.0240022736873,42.3992569692945,3370.71942953834,35.7788244220082,47.9278469044171,6.27689249403906,245.52839287487,97.248793333083,67.0296559247336,33.4177698146483,9.3043591717011,23.8592864279023,8.29076671923598,18.0357859776455,3.98316658461394,36.001618736783,16.8737055049439,18.5360804906236,0.928658613025858,16.9818358902956,5.83652085027132,3.48332403046813,1.62644059276501,0.0125386601155288,1.32354618365425,0.454723961881966,52.9019719497913,42.9207539734589,100,86.8726327285114,100,96.5902675657603,1,11.1295174403344,61.0542978884853,74.204716347669,1,58.9308723575054,45.031411093612,100
0.00125240043997765,5843.81183137692,7266.50343965221,14.7522308813413,27.6780431265957,51.7787668733753,2803.97654806954,68.4022409212607,128.156062270947,0.118280372195639,70.6465712614305,51.3483585216467,2703.66277012532,40.0485371949105,41.4384251452689,3371.51344619436,35.9396968840832,47.6296841913313,7.4644135171372,244.84587309876,97.294286161921,66.6442865996417,33.4177698146483,9.3043591717011,23.8592864279023,8.29076671923598,18.0357859776455,3.98316658461394,36.001618736783,16.8737055049439,18.5360804906236,0.928658613025858,16.9818358902956,5.83652085027132,3.48332403046813,1.62644059276501,0.0125386601155288,1.32354618365425,0.454723961881966,52.9019719497913,42.9207539734589,100,86.9485618792897,100,96.7088877706196,1,13.5459754519359,61.136287889561,74.2599269488077,1,58.6112858007056,45.722147044671,100
-0.00087444868683815,5801.10810694017,7285.11994380936,14.7412529252788,27.3302431541499,51.5037014344689,2805.63397547823,69.2482406340741,128.151621416586,0.14505699055559,70.3984573785093,49.8050485380022,2704.7591400622,39.8563073583655,38.4070808724837,3373.08970540688,35.812977921739,47.3230908057727,7.27810987032702,243.773656438718,97.3342528093083,66.2570475316281,33.1317647575353,8.94927568821261,23.6396400002292,8.25350551091675,18.4892686408012,3.98062341179373,35.8853695806832,16.895240759477,18.4640083350153,0.787162454040269,16.7179286061241,5.86302122190374,3.41590218299192,1.53546696396241,0.00576659303280739,1.43968358607708,0.48841298321969,54.236234633533,42.9978208633958,100,87.0598143959433,100,96.5958843025705,1,16.2462058462985,61.2222567685803,74.2457807984803,1,58.5309057711933,45.6472255428046,100
0.000561542683839798,5819.37692798579,7285.52008897659,14.6293969256406,27.3158382811234,51.2255356345756,2806.27979126867,69.0471094622251,128.146534393361,0.168509912248074,70.0856177302103,51.3281429353924,2704.66378530418,40.114259960571,37.7507152964773,3373.58195152607,35.8414382579933,47.0159542275094,7.27358543970982,242.851633642353,97.3993533711933,65.9577433526427,33.1317647575353,8.94927568821261,23.6396400002292,8.25350551091675,18.4892686408012,3.98062341179373,35.8853695806832,16.895240759477,18.4640083350153,0.787162454040269,16.7179286061241,5.86302122190374,3.41590218299192,1.53546696396241,0.00576659303280739,1.43968358607708,0.48841298321969,54.236234633533,42.9978208633958,100,87.1724317873495,100,96.5934582765629,1,18.9391853464369,61.3198937794442,74.1978545474986,1,58.4200729527866,44.6991473070382,100
0.00114779661297798,5813.0503921131,7255.0686272777,14.6115316673638,27.3176268075303,51.3233350082038,2807.19646330814,69.3159187485545,128.14676512785,0.189141156768979,69.8473109277946,51.29752969386,2706.06312635813,40.034259898155,37.1193588012726,3374.8097301772,35.8220124713974,46.7468282279482,7.0554264675482,241.891933616631,97.4493869351474,65.5742072455371,32.8517907530766,9.19432091390018,24.2832846781443,8.23001275398018,18.4937510974057,3.91838969888532,35.0918867770438,17.1920130271929,18.8381135879068,0.847343211009762,17.256833065907,5.74453703504732,3.31046451067553,1.55514838001311,0.00576659303280739,1.43968358607708,0.48841298321969,54.236234633533,42.9978208633958,100,87.2383855844347,100,96.6996078398488,1,21.8135068611371,61.4282651931294,74.1831146865268,1,58.3545082360586,48.5171544634573,100
0.00203380588889122,5804.31533803738,7268.68081038247,14.7980427190961,26.9481712947226,51.1721472415542,2807.10676433758,69.3820862578957,128.174779210036,0.21924592238131,69.5509652957775,49.3613136671872,2706.6528339779,40.1583958953903,36.8030778121483,3375.45301527513,35.6923373256557,46.4204190799445,7.37310416901899,240.923328778792,97.46762208482,65.1681762774852,32.8517907530766,9.19432091390018,24.2832846781443,8.23001275398018,18.4937510974057,3.91838969888532,35.0918867770438,17.1920130271929,18.8381135879068,0.847343211009762,17.256833065907,5.74453703504732,3.31046451067553,1.55514838001311,0.00576659303280739,1.43968358607708,0.48841298321969,54.236234633533,42.9978208633958,100,87.3151184247439,100,96.7846734071345,1,24.7904088813839,61.5392302364485,74.1960994610004,1,58.1846065828018,48.6730166546903,100
0.00116060051321983,5800.57472505368,7311.13154068477,14.6854890672024,26.7857539832312,51.0157282802108,2807.58957479536,70.4715263341585,128.141495085963,0.245237087878555,69.2535874355939,52.2180425949389,2707.38614949085,40.4040887026136,35.4477235173451,3376.26023308454,35.8427196692717,46.137164415044,6.48590067393033,240.088639776007,97.5613385815799,64.8779237113077,32.3128281277309,9.08665040254956,24.6072127866842,8.25637934201565,18.5066579366288,3.94283508384454,34.6717402016584,17.186712854564,18.7587863200491,0.821184853010784,17.8096177915609,5.77161909427295,3.22798682123777,1.5079256697646,0.00576659303280739,1.43968358607708,0.48841298321969,54.236234633533,42.9978208633958,100,87.3634563726866,100,96.554013458736,1,27.7217933301915,61.6447685920985,74.16329288078,1,58.0204822524849,51.6437698093423,100
-0.00167749144434929,5829.32532616652,7329.71989053144,14.7478702845359,26.7650870470494,51.4494333438866,2807.45487965342,69.5076959970511,128.14201556533,0.268345459712788,69.0163681615486,51.7416098723137,2706.43029749521,40.2840276060695,35.5415045066975,3376.4674369736,35.7057880699775,45.8175999805906,8.61476333327319,239.146083965499,97.6029947820632,64.4491886919641,32.3128281277309,9.08665040254956,24.6072127866842,8.25637934201565,18.5066579366288,3.94283508384454,34.6717402016584,17.186712854564,18.7587863200491,0.821184853010784,17.8096177915609,5.77161909427295,3.22798682123777,1.5079256697646,0.0233881744895302,1.62028809269562,0.537485392682887,53.7250243950596,43.3256899096209,100,87.3973804770746,100,96.5429506940224,1,30.5616590177555,61.7938932353766,74.1667926064792,1,57.7547339767491,48.1611510882218,100
-0.00171900846362114,5836.47701164282,7298.06199296699,14.7957366010111,26.9163597738612,51.1477682142361,2807.97067504799,70.7071793986728,128.151654854762,0.292501719680092,68.8091543453487,49.8951027799587,2706.35652941035,40.3314790354098,35.9568282655923,3376.32587831119,35.6563254358677,45.5576566217817,7.44373529758631,238.449164543276,97.670949877358,64.2211791684143,32.0637872000676,9.18509493803828,24.5558518969606,8.30360127705408,18.700696263791,3.92859311405381,34.0581100394389,17.2727935317455,19.1220287193727,0.802233152532975,17.3282142426031,5.72810613772952,3.13854702139574,1.49860088447554,0.0233881744895302,1.62028809269562,0.537485392682887,53.7250243950596,43.3256899096209,100,87.4476803281135,100,96.5315781974881,1,33.2289838314327,61.8830201762398,74.1853083304625,1,57.6727708516277,49.2119821246118,100
-0.00222865810990334,5815.85943045415,7293.69215954834,14.6473616216835,26.6874132092577,50.7639192084319,2807.53344551337,70.3338436749456,128.159138685815,0.313698678062077,68.5838013758242,51.752155975808,2705.9974854375,40.4794865037817,35.374211970203,3376.35235090535,35.7059158584792,45.3167648779732,8.57059518913484,237.36370115415,97.7291828273306,63.8213764949421,32.0637872000676,9.18509493803828,24.5558518969606,8.30360127705408,18.700696263791,3.92859311405381,34.0581100394389,17.2727935317455,19.1220287193727,0.802233152532975,17.3282142426031,5.72810613772952,3.13854702139574,1.49860088447554,0.0233881744895302,1.62028809269562,0.537485392682887,53.7250243950596,43.3256899096209,100,87.4876769154394,100,96.4947812873203,1,35.8245724838034,61.9796216781256,74.2106130456132,1,57.5927178504481,52.5622464947699,100
-0.00124660683274269,5789.15457644261,7329.96104928973,14.6865017252638,26.2870059512559,50.8974846981243,2807.50618555516,69.1459679009871,128.149280006727,0.335629024058772,68.3678005970948,52.3846476856393,2706.13204137892,40.4438624506598,32.7983610321819,3375.86630004626,35.8983425716343,45.0725177446877,7.33608735656718,236.515137286321,97.757127539802,63.4275190707207,31.4544156955171,9.14646811713973,25.1712285704282,8.48280651708763,18.5945879404212,3.90557412365575,34.0432988865021,17.3071631893108,20.4099348212785,0.878473764084003,17.5662862431861,5.72256820553251,3.13338255922171,1.37553267358168,0.0233881744895302,1.62028809269562,0.537485392682887,53.7250243950596,43.3256899096209,100,87.5139567218432,100,96.4604471999159,1,38.2173662902989,62.1165819188913,74.2171392337676,1,57.5194048459964,56.0633108231893,100
0.00126043204665184,5812.01980318822,7298.48698652843,14.7423122923149,26.5440598154455,51.015572836277,2806.69466702108,70.8779831162902,128.157003456118,0.351958556449938,68.1551732130801,51.3154326815499,2705.52532626939,40.549918647916,32.7360248559674,3375.32722317315,35.6030152712619,44.8208835578435,9.06566482199569,234.969146195218,97.8196718940477,63.1402457488247,31.4544156955171,9.14646811713973,25.1712285704282,8.48280651708763,18.5945879404212,3.90557412365575,34.0432988865021,17.3071631893108,20.4099348212785,0.878473764084003,17.5662862431861,5.72256820553251,3.13338255922171,1.37553267358168,0.0233881744895302,1.62028809269562,0.537485392682887,53.7250243950596,43.3256899096209,100,87.5541331322997,100,96.5429191011979,1,40.3963137042933,62.2246765746076,74.2450113387719,1,57.3073395109483,54.6189476283416,100
0.000404160529375076,5800.50741930998,7307.92507779045,14.7363728561477,26.2246536589858,50.5458232800246,2806.36311627079,69.3918027459163,128.154751678738,0.364866012595883,67.949968653484,51.9854744441195,2705.05355362141,40.7749078634234,32.5629139699822,3374.69195851563,35.7706857529846,44.5620953674412,9.23323290025078,234.557864281219,97.8666923344193,62.7307365077443,31.7429290430337,9.09270718069085,25.0746447382038,8.30772093872304,18.682435335074,3.86682795665031,33.1880130319776,17.3933125110812,20.2255826978124,0.98033225485208,17.8918838300446,5.60894055993552,3.14576065630099,1.37124816219351,0.0164028540447642,1.81568243295883,0.585842203185949,53.4598390555742,42.3966280286256,100,87.5311908195658,100,96.3204746505725,1,42.4912038370515,62.2864571673402,74.2140336689851,1,57.3192253920257,57.9174079169172,100
0.000377293664216995,5820.2982143978,7315.10222262879,14.5910054024039,26.3788846997762,50.6055606067455,2805.74722017179,69.5242933872729,128.157375419483,0.379547867657577,67.714430306396,53.9619941259522,2703.65313609211,40.7016703504538,32.4726509180229,3373.94741842191,35.6294105279033,44.3488037343741,7.4505246697969,233.666899388307,97.9146920261425,62.3042481075374,31.7429290430337,9.09270718069085,25.0746447382038,8.30772093872304,18.682435335074,3.86682795665031,33.1880130319776,17.3933125110812,20.2255826978124,0.98033225485208,17.8918838300446,5.60894055993552,3.14576065630099,1.37124816219351,0.0164028540447642,1.81568243295883,0.585842203185949,53.4598390555742,42.3966280286256,100,87.55788141355,100,96.2371254990758,1,44.2524834645532,62.4306722799364,74.193850007464,1,57.0777250340205,60.0042205971209,100
-0.000478984755277634,5833.54780336417,7313.71521224872,14.6984237897794,26.2228987889611,50.7615473830632,2805.16091963247,70.1584412135655,128.157178530506,0.390683993621373,67.515516322903,52.2649280967644,2703.19162301124,40.7078699718878,30.191185264712,3372.74349588839,35.641569729545,44.0962202340951,8.3832615438029,232.476189613221,97.9681399967887,61.9283999592998,31.4221467602754,9.25831899335581,25.1658374848812,8.36415193750396,19.1202691604163,3.78660055436374,32.8009624242409,17.5089072419594,20.927160934375,0.788048203013079,18.1991708534803,5.56858647916244,3.13793097099879,1.31586635873068,0.0164028540447642,1.81568243295883,0.585842203185949,53.4598390555742,42.3966280286256,100,87.6087297636025,100,96.2296113498832,1,45.591112017943,62.5785339362272,74.2345774909769,1,57.0129921778824,57.1037116411991,100
-0.00232605659365654,5811.63042207755,7327.64945285961,14.7416567065345,26.1855949735671,50.2450326183195,2805.01819230085,69.6469413784342,128.162637690052,0.398191628224211,67.3360792159882,52.4649956157172,2702.57119919251,40.9180248996364,29.6241043833416,3372.04982909633,35.5547460540964,43.8214576402267,7.20911437304354,232.038344977934,98.0040743859289,61.5771960934217,31.4221467602754,9.25831899335581,25.1658374848812,8.36415193750396,19.1202691604163,3.78660055436374,32.8009624242409,17.5089072419594,20.927160934375,0.788048203013079,18.1991708534803,5.56858647916244,3.13793097099879,1.31586635873068,0.0164028540447642,1.81568243295883,0.585842203185949,53.4598390555742,42.3966280286256,100,87.66267388506,100,96.2688490291932,1,46.7174389691339,62.6887899443981,74.2525406831058,1,56.7672464737801,61.6742567085016,100
0.00163109716773033,5813.17978992261,7288.87025413859,14.7520226125989,26.1574053630025,50.2454427876553,2803.51633566198,70.0822559665026,128.175231612313,0.409885185129908,67.1226950539405,52.3975313286686,2702.09657110988,40.7353175860646,29.9083643738356,3371.49563192516,35.6911282240518,43.617171199084,7.25860560258215,230.952375116499,98.0491118097844,61.2504271953895,30.4566457071479,9.22110035501326,25.4673794808586,8.3774841580514,19.5577998766637,3.82782975736976,31.9601371580976,17.4858776691486,21.4228052547397,0.874287725771798,18.4763879224092,5.52538471927075,3.10941945345967,1.41503781864423,0.0164028540447642,1.81568243295883,0.585842203185949,53.4598390555742,42.3966280286256,100,87.691380355192,100,96.2400776977795,1,47.7543959358869,62.7862066739826,74.2474667441964,1,56.6330111721658,62.4180883500621,100
-0.00201837574839592,5816.00383254088,7303.85174434512,14.6432555070693,25.8152202407758,50.3438609113601,2804.12784021982,70.350876858069,128.167415183209,0.416551251142497,66.9835429386287,52.6768224320319,2702.547127405,40.881296479184,29.1163366078494,3371.66614181337,35.5661874851799,43.4056888918041,8.71330745550337,230.269900624327,98.0846372585812,60.908142661106,30.4566457071479,9.22110035501326,25.4673794808586,8.3774841580514,19.5577998766637,3.82782975736976,31.9601371580976,17.4858776691486,21.4228052547397,0.874287725771798,18.4763879224092,5.52538471927075,3.10941945345967,1.41503781864423,0.0420491015418559,2.03744577476632,0.627225190078567,53.1756104314638,42.6246449815446,100,87.6952922025667,100,96.2217497208737,1,48.7604683428399,62.9059419065252,74.2422026419807,1,56.6002469064059,61.8467045409336,100
0.000293761664628983,5816.01977129973,7319.9051835285,14.6722391973578,25.588132914883,50.4356204332319,2803.98796772468,69.7052158190093,128.188770548483,0.424858611920852,66.7913207112576,53.6971948368469,2701.46686240965,41.2343996773754,28.7506413671986,3371.66962855602,35.6013803569323,43.1951034376765,7.74188789426223,229.196222303633,98.1255959985143,60.5027008374067,31.297778767487,9.17468913989587,25.601871490546,8.75704776826221,19.5452086084959,3.76092832445988,31.4785044765432,17.5661199998124,21.4077638450035,0.81308403119771,18.6999038459271,5.45698313056254,3.01792888560033,1.35133587133102,0.0420491015418559,2.03744577476632,0.627225190078567,53.1756104314638,42.6246449815446,100,87.7098232887744,100,96.1935537450901,1,49.8250580278734,63.0073850110723,74.2469512966738,1,56.5667750507136,63.8691412556457,100
0.00101334255337715,5824.21724363364,7357.55310137818,14.6682519350406,25.65478223213,50.1866535891111,2803.76660955229,70.5464005447917,128.174518293796,0.432197567929239,66.6128099228225,54.0019749190565,2701.65587590438,41.1919549666195,29.2422512610673,3372.17299715769,35.4242712330982,42.9814161042408,9.27614466788126,228.570602495273,98.1607964396263,60.1571982097746,31.297778767487,9.17468913989587,25.601871490546,8.75704776826221,19.5452086084959,3.76092832445988,31.4785044765432,17.5661199998124,21.4077638450035,0.81308403119771,18.6999038459271,5.45698313056254,3.01792888560033,1.35133587133102,0.0420491015418559,2.03744577476632,0.627225190078567,53.1756104314638,42.6246449815446,100,87.7463635054733,100,96.2359215049543,1,50.8891179711826,63.1319303634612,74.278317666075,1,56.3624746219081,63.9613370170317,100
0.000348693412542343,5813.14632453717,7300.53273224447,14.6351824981219,25.9278893793079,50.2931988601008,2803.50343228193,70.2780916487611,128.161591903312,0.440974008710318,66.4533550240931,53.2139847815832,2701.74287475527,41.3352896871924,27.3821511266696,3371.91019230926,35.6944464405322,42.7583660444575,7.37115196300971,227.605681389113,98.1957626536116,59.7929783630454,30.0523665324638,9.1860766001622,25.9189191232934,8.71485102337033,19.2878889061746,3.66787429814997,31.0788634002665,17.5667498080517,21.8200481437226,0.928339864859402,19.0511435756238,5.38437556736428,2.94430278146807,1.25958562749124,0.0420491015418559,2.03744577476632,0.627225190078567,53.1756104314638,42.6246449815446,100,87.7517890335224,100,95.8878488624496,1,52.0044188672922,63.2583910222513,74.2684245045971,1,56.248971674674,64.3487039491225,100
-0.000748229473829269,5810.25294896163,7354.66073737029,14.6944666367968,25.6820640490704,50.2590707643286,2803.58596390238,70.5839057132209,128.172822687469,0.449662574881715,66.2484488188404,54.6085194681452,2700.99003888349,41.0223096678456,29.1117700674385,3371.42693070737,35.634060362142,42.5500366316715,7.62403818592474,226.945520517224,98.2268773065304,59.4175010524975,30.0523665324638,9.1860766001622,25.9189191232934,8.71485102337033,19.2878889061746,3.66787429814997,31.0788634002665,17.5667498080517,21.8200481437226,0.928339864859402,19.0511435756238,5.38437556736428,2.94430278146807,1.25958562749124,0.0420491015418559,2.03744577476632,0.627225190078567,53.1756104314638,42.6246449815446,100,87.7775008708807,100,95.9615241240018,1,52.9626167326313,63.3209494389227,74.2701298630514,1,56.0652980692509,66.1439758392406,100
0.00123928111195564,5833.47195693053,7349.49212943426,14.6825876639834,25.4564850500897,50.0144500882874,2802.47068705678,70.8707269720166,128.17828395218,0.453833612206696,66.1045325682373,56.3674990620704,2700.55543875081,41.3810916163817,28.2051930620758,3371.02802157875,35.6584647678325,42.3126775005645,6.5518110503534,225.791784284662,98.2929439426905,59.0483347533391,29.5350018886118,9.18656573657954,26.1911252854531,8.51970558303664,19.7355463095132,3.66120325374739,30.864265163225,17.5353979157572,21.991553356505,1.00415102045356,19.1667344937708,5.31450209373118,2.86532717522977,1.24811364224186,0.0381982167140233,2.27706979293629,0.661395270499312,53.9036032206308,42.2996263663188,100,87.8691430335389,100,95.9798859200393,1,53.8290835332576,63.4565135276816,74.2786871844552,1,56.1430579974561,68.5179285509061,100
-0.000557432860136032,5833.74080225028,7325.32528907884,14.5939172617324,25.1920407456242,49.8840977962701,2802.86328047957,69.9597068866372,128.18017921646,0.462421608772324,65.9171935455738,52.8357053181846,2701.03568015297,41.5294857144695,27.8676219541531,3371.63805315187,35.773661147692,42.1074304262239,8.92512585384767,225.199772827431,98.3092453145642,58.6527530812188,29.5350018886118,9.18656573657954,26.1911252854531,8.51970558303664,19.7355463095132,3.66120325374739,30.864265163225,17.5353979157572,21.991553356505,1.00415102045356,19.1667344937708,5.31450209373118,2.86532717522977,1.24811364224186,0.0381982167140233,2.27706979293629,0.661395270499312,53.9036032206308,42.2996263663188,100,87.9446568907583,100,95.9940983674341,1,54.7318864361211,63.5377220124424,74.3125295788423,1,55.8382634729318,69.764199536577,100
0.00312988709807396,5842.02234520711,7295.62402453559,14.612779937137,25.539269981726,49.7388506841585,2803.58627304054,69.9568307538094,128.160686995218,0.466394056677383,65.7761867942936,54.2526156729971,2701.11435706395,41.4368097062125,26.3479707037093,3371.54885759896,35.5998067183069,41.902830212505,7.49472022115869,224.254821844561,98.3465738372823,58.4306948613367,29.5150093319523,9.17433620350539,26.4042572735297,8.46522886091648,20.7665119984598,3.59418046709025,29.6852875751103,17.677799010079,22.9282959125814,0.982170267678784,19.5306989628507,5.28486528463523,2.87721755120043,1.23560820418464,0.0381982167140233,2.27706979293629,0.661395270499312,53.9036032206308,42.2996263663188,100,87.9963126338705,100,95.8008732176236,1,55.7907522450186,63.6140260978581,74.3128043679124,1,55.8619737009389,68.0572532717599,100
0.000174620658159256,5823.66029902495,7374.74264177496,14.6406446233507,25.3302697388893,49.6004659164168,2803.79717932096,70.5414629394295,128.167488498871,0.476255360753155,65.6073043376807,55.38484719828,2701.30733345382,41.5425261018292,25.996521451733,3371.50885719437,35.56652774529,41.6993593788057,8.64106623089612,223.483983439086,98.3772050565362,58.0187951432389,29.5150093319523,9.17433620350539,26.4042572735297,8.46522886091648,20.7665119984598,3.59418046709025,29.6852875751103,17.677799010079,22.9282959125814,0.982170267678784,19.5306989628507,5.28486528463523,2.87721755120043,1.23560820418464,0.0381982167140233,2.27706979293629,0.661395270499312,53.9036032206308,42.2996263663188,100,88.0705283291553,100,95.7977937541541,1,56.8987693330944,63.6897224821097,74.3317960494409,1,55.7239611459594,72.8287106602091,100
-5.46846449375153e-05,5780.03711714543,7364.12672318277,14.5973900281662,25.1510211590208,49.4975517822802,2803.02159756794,70.3922207184866,128.173969587548,0.478552766192217,65.4216606078904,55.1096597161387,2701.45061199505,41.6118118375779,25.0818961933458,3371.46137952593,35.4812025503074,41.4637659072474,7.92777326707032,222.63563061724,98.4317173008094,57.6619311848485,29.2885114211045,9.28401237701313,26.4574465621446,8.61027921429064,20.4466841545842,3.60997963460207,29.4016386624972,17.3407740474465,23.2445678914564,0.938540641699057,19.7292275968328,5.2251214179583,2.75133032505816,1.21684088479278,0.0381982167140233,2.27706979293629,0.661395270499312,53.9036032206308,42.2996263663188,100,88.1295100289089,100,95.7121962449452,1,57.9852670399395,63.7969617638022,74.3731587798604,1,55.5809243253998,74.3337425139202,100
0.000219175046682358,5813.09350647725,7402.01071963599,14.6084421599364,25.1073046868557,49.6775164405743,2803.67075662793,70.4228472948578,128.149442568203,0.490045861173292,65.2827777294153,55.3913821918133,2701.77316561505,41.4871451271203,26.0152431318268,3371.99113450113,35.7374542240231,41.2629850790485,11.2592299314801,221.956333877835,98.4667415034227,57.342669452267,29.2885114211045,9.28401237701313,26.4574465621446,8.61027921429064,20.4466841545842,3.60997963460207,29.4016386624972,17.3407740474465,23.2445678914564,0.938540641699057,19.7292275968328,5.2251214179583,2.75133032505816,1.21684088479278,0.0326455714353574,2.52863173942314,0.69026654761875,53.233459941946,41.0276781659174,100,88.1211067627038,100,95.6366502461817,1,59.0850122721942,63.8717761551226,74.3544365183441,1,55.5625800857282,74.0919319085486,100
-0.00111847277283669,5796.31850781239,7356.37133115482,14.6217929651705,24.945194534777,49.5494799651854,2803.408091688,70.288136013088,128.167374670996,0.498604948975717,65.1418877265694,55.6977803873238,2701.42347699396,41.6153438201475,23.8219355314568,3371.49422183264,35.473451658363,41.0670198137071,7.21598194970767,220.652802668024,98.4984645200539,56.9659881478172,29.0843222209749,9.11266423105162,26.925847819808,8.47108762465798,20.5473413872272,3.49235484997633,29.160746444641,17.5188209736192,23.9000099646956,1.01113102659837,19.5237058850614,5.15757809863883,2.73554784960459,1.31056290630186,0.0326455714353574,2.52863173942314,0.69026654761875,53.233459941946,41.0276781659174,100,88.1084923397872,100,95.5140019715258,1,60.2542035577931,63.9765794517212,74.3536342887014,1,55.4248185837711,72.1991346129891,100
-0.000261637455224991,5840.34642591275,7357.53084646847,14.5683272369239,24.8771267958527,49.1411574175927,2802.7292910347,69.9015698009152,128.164005756112,0.507688799153124,65.0061127114528,54.1872336728541,2700.46305013732,41.4626295996472,22.6954393314284,3371.97221527798,35.5228230044525,40.8656975760575,7.00837411132011,220.355049335408,98.5618588046525,56.5950417402583,29.0843222209749,9.11266423105162,26.925847819808,8.47108762465798,20.5473413872272,3.49235484997633,29.160746444641,17.5188209736192,23.9000099646956,1.01113102659837,19.5237058850614,5.15757809863883,2.73554784960459,1.31056290630186,0.0326455714353574,2.52863173942314,0.69026654761875,53.233459941946,41.0276781659174,100,88.1453095397557,100,95.5009579976186,1,61.3224335518452,64.0753111409074,74.3524303033633,1,55.313893410387,75.8579428221973,100
0.00152784027457237,5851.27750482358,7407.62199996792,14.6073695107794,24.7718446788367,49.3691562086527,2803.10977385221,69.9151776057633,128.156844741807,0.513291662128993,64.8315403160047,55.9364988907842,2700.78030356982,41.8145484451868,24.3240178792228,3372.1122939796,35.6328762579152,40.674655401351,9.47216720792027,219.310149107793,98.5852279922953,56.2464846377461,28.9047467694257,9.05000332940566,26.3817016100602,8.54366470295312,20.9566038049427,3.465987618816,28.5545314332053,17.4576535074699,24.048895874828,1.05374545155264,20.8604099405537,5.07141756413922,2.81179966904184,1.10952062557115,0.0326455714353574,2.52863173942314,0.69026654761875,53.233459941946,41.0276781659174,100,88.1694429586369,100,95.3465807800041,1,62.3987875356812,64.1821059293827,74.3704007610756,1,55.3361053663708,79.7628154448925,100
0.00146836304068565,5819.86862268246,7366.24397919012,14.5560555639586,24.3907247110674,49.1667298989327,2802.77960321575,70.8907083298455,128.180994136479,0.519566565176233,64.6957504889622,57.2655992991997,2700.7177802768,41.4413717098675,24.9497747625292,3371.39309687417,35.4454188130834,40.4611373244715,7.74338043101244,218.414004452954,98.6411922179245,55.9131149131365,28.9047467694257,9.05000332940566,26.3817016100602,8.54366470295312,20.9566038049427,3.465987618816,28.5545314332053,17.4576535074699,24.048895874828,1.05374545155264,20.8604099405537,5.07141756413922,2.81179966904184,1.10952062557115,0.0326455714353574,2.52863173942314,0.69026654761875,53.233459941946,41.0276781659174,100,88.1985026600452,100,95.2964879868202,1,63.4215825415203,64.2429506707492,74.3777283518694,1,54.9696594892047,83.7717808957205,100
-0.000741643434762955,5801.38166870869,7373.13177727984,14.5888325747045,24.7949546204151,49.3397456001325,2803.65885151513,70.0522307320172,128.181040846161,0.528663451492232,64.5668482719898,56.4500943482172,2701.21963707928,41.8051939726205,25.3411059348992,3371.97830356673,35.7191972474166,40.2636111189515,7.99113217585767,217.792185736811,98.6687183141989,55.5287799261573,28.2840816499007,8.81619470220404,26.99551482222,8.70414833982036,20.9232499500892,3.3825822406772,27.5388770815031,17.4864150803985,24.3324955703863,1.25136679340111,20.0834497920564,4.97721618609661,2.79061714608484,1.15631703057258,0.0177593477720456,2.81048954536266,0.713079654855503,53.3373740049394,41.6887514937711,100,88.2323130730257,100,95.3652641627816,1,64.5039360379418,64.3567607647115,74.421085817359,1,55.0744134811126,82.8894084370496,100
-0.000985152643918991,5822.85048004187,7378.64514593425,14.6100663571578,24.5016704805982,49.1951641968957,2803.44970405887,70.971994264868,128.169976824654,0.539569133758394,64.4288098531913,55.6267860714065,2701.76790281806,41.6664670346238,23.5447732184138,3372.87609679673,35.5680691843384,40.0445528469605,7.72101378581593,217.040679144999,98.6961681241944,55.2183906173685,28.2840816499007,8.81619470220404,26.99551482222,8.70414833982036,20.9232499500892,3.3825822406772,27.5388770815031,17.4864150803985,24.3324955703863,1.25136679340111,20.0834497920564,4.97721618609661,2.79061714608484,1.15631703057258,0.0177593477720456,2.81048954536266,0.713079654855503,53.3373740049394,41.6887514937711,100,88.2753243914599,100,95.4382901596112,1,65.7522502207237,64.4218397885505,74.4121569183902,1,54.9759227879225,86.0722441615048,100
0.00187435567975044,5782.51631351508,7397.15132521438,14.578757944397,24.5477194941275,49.3534880416745,2804.22931470706,70.9369211351217,128.168759033529,0.549629906887425,64.2853314410192,56.4649100733605,2701.46760543894,41.9323414624415,22.1459648599466,3373.03245017744,35.4092766351274,39.8705111658348,7.27282983260447,216.157994953887,98.7375787806412,54.8871403138803,28.1737476942078,8.88651229917419,27.4656751142567,8.9168851588911,21.1149387062798,3.39029425505735,27.630471418246,17.4259490128262,24.7199382290795,0.986753684241916,20.4661573071592,4.86906305209465,2.71343507531282,1.17421054016305,0.0177593477720456,2.81048954536266,0.713079654855503,53.3373740049394,41.6887514937711,100,88.3205152701596,100,95.1721076370529,1,67.286451047816,64.5033992784246,74.4174817535638,1,54.7917389332356,86.4755587983724,100
0.000742114681005478,5832.98290815152,7405.36523551514,14.5254107831329,24.7403570565275,48.7616851186255,2803.90762524088,69.8801537603556,128.171924565099,0.557685760625088,64.1663897605473,57.066062470655,2701.53589165181,41.9240811652678,22.0269540838539,3373.19552535897,35.5513415800581,39.6661174250047,7.76565413341543,215.575056529749,98.7753071992368,54.5581264133147,28.1737476942078,8.88651229917419,27.4656751142567,8.9168851588911,21.1149387062798,3.39029425505735,27.630471418246,17.4259490128262,24.7199382290795,0.986753684241916,20.4661573071592,4.86906305209465,2.71343507531282,1.17421054016305,0.0177593477720456,2.81048954536266,0.713079654855503,53.3373740049394,41.6887514937711,100,88.3602729368282,100,95.1401001652415,1,68.8458839035978,64.5953497132011,74.3976853067819,1,54.6056372552749,89.5131141588046,100
-4.90228235721588e-05,5800.10710229672,7407.27699622212,14.4435298495078,24.3552711406095,48.8042948072126,2803.88270844659,70.4947792887375,128.18765951508,0.572145367246633,64.0230482877611,57.796372328406,2702.43373039082,41.9826799688239,23.184215293931,3372.93962676648,35.48342493049,39.4705635893346,8.46811705595006,214.871631458067,98.8007874682331,54.2925080448371,27.9127784290296,8.89623016894093,27.7449888719568,8.83984938131667,21.377705948475,3.32786373654032,26.8584670874309,17.3769387606546,24.0580719893673,1.03304723644717,20.9485586976501,4.79981960422813,2.6215517246062,1.11882607581014,0.0177593477720456,2.81048954536266,0.713079654855503,53.3373740049394,41.6887514937711,100,88.403225209689,100,94.8778127464076,1,70.3888767214425,64.6782175370306,74.3873181868315,1,54.4514810419851,94.0404819040587,100
0.00240025572180748,5806.30545558728,7416.95322535086,14.4269074455849,24.3181590031494,49.0844974487118,2803.75847474754,70.5322806111264,128.174080028676,0.579191505321269,63.906952379667,53.9647684475425,2701.2813740494,42.0177771732721,20.7837594506299,3372.87420135964,35.4409778917544,39.2916191213377,7.97979876575408,214.212817902562,98.8891477880944,53.9073846123591,27.9127784290296,8.89623016894093,27.7449888719568,8.83984938131667,21.377705948475,3.32786373654032,26.8584670874309,17.3769387606546,24.0580719893673,1.03304723644717,20.9485586976501,4.79981960422813,2.6215517246062,1.11882607581014,0.0467317832690823,3.12196571701781,0.727421777296278,54.0773580252477,41.5823595792924,100,88.4979761903953,100,94.8453873949862,1,71.8634803541931,64.7576801009718,74.3935299153644,1,54.398698000597,95.2938271694858,100
-4.70558345317841e-05,5842.45286174811,7373.87920180515,14.4046474957613,24.4123561301306,48.791509069438,2803.60409045783,70.6821195949629,128.143308604713,0.588822750902531,63.824043507572,55.8767441008747,2701.41931105296,42.2285853283328,19.7405049741581,3373.60471785372,35.3569682221097,39.1365383281783,7.73867787378111,213.780572470641,98.9179970860354,53.5352432716536,27.3606717829302,8.81613139611386,27.7104537256122,8.94382801210684,21.9428002802657,3.26468827017995,26.3551937572182,17.5955811049179,25.6481899153682,1.13334432555886,21.4828895431927,4.74064183003705,2.54914078675432,1.10994875238261,0.0467317832690823,3.12196571701781,0.727421777296278,54.0773580252477,41.5823595792924,100,88.5834190052265,100,94.6492249198927,1,73.3226574478297,64.8073803057622,74.4086130650852,1,54.2661975955361,96.0718426483093,100
-0.00206031208634376,5803.53961958684,7417.85515214368,14.4735066532118,24.4355638001615,48.6431873723804,2804.22609764667,70.5468242301681,128.171808962311,0.600395307045194,63.7714206412683,57.2739588573498,2702.07920716854,42.0474667160311,20.6421463066648,3373.60976366359,35.5522727514832,38.983832149912,6.25313621507509,212.646391871749,98.954961777092,53.4605410532409,27.3606717829302,8.81613139611386,27.7104537256122,8.94382801210684,21.9428002802657,3.26468827017995,26.3551937572182,17.5955811049179,25.6481899153682,1.13334432555886,21.4828895431927,4.74064183003705,2.54914078675432,1.10994875238261,0.0467317832690823,3.12196571701781,0.727421777296278,54.0773580252477,41.5823595792924,100,88.6563342556922,100,94.642309024634,1,74.7740672708716,64.9374760488725,74.4230590469431,1,54.1323577743974,95.841304337613,100
0.00191380814909935,5795.48861946858,7399.06940873005,14.3970719453913,24.0280367244707,48.7033108477076,2806.36270037376,69.9790907341777,128.177754568719,0.615676408800655,63.8866284478354,56.2246531076077,2704.3189965519,42.2432747147481,20.684415108282,3375.78625913475,35.5494960559781,38.8789698905971,6.84379575427124,212.042977984084,98.9673060430947,53.3317355446465,27.4009297741559,8.87491067737211,27.6392033724058,8.82662530893598,21.5373200798488,3.21914622718031,25.3383810999755,17.3228981954416,25.5319011069529,1.1892759169064,21.8412385818974,4.68183022280859,2.6194742865105,1.11604473793737,0.0467317832690823,3.12196571701781,0.727421777296278,54.0773580252477,41.5823595792924,100,88.7189618062668,100,94.6163571124104,1,76.8687182175433,64.9688912521338,74.4310344479245,1,54.2444102957161,100,100
-0.000927517229318619,5812.395960472,7410.06323711014,14.3916080348145,23.9355464446016,48.3713710940183,2808.3755195126,70.4602018076986,128.197175290246,0.638920513964218,63.9667954038727,55.8544884020123,2705.71002970519,42.068890331857,20.537279920568,3378.34442986815,35.2991728758022,38.8667826767744,11.0734371891205,211.579279746166,98.9773689079845,53.256775319405,27.4009297741559,8.87491067737211,27.6392033724058,8.82662530893598,21.5373200798488,3.21914622718031,25.3383810999755,17.3228981954416,25.5319011069529,1.1892759169064,21.8412385818974,4.68183022280859,2.6194742865105,1.11604473793737,0.0467317832690823,3.12196571701781,0.727421777296278,54.0773580252477,41.5823595792924,100,88.7872251666608,100,94.5412371118829,1,79.8031958772582,65.0083373035739,74.4295945523747,1,54.2366715358662,95.807838644933,100
0.000312784141302109,5798.39961662091,7429.74697275704,14.4027871842438,24.1177500451626,48.735161297615,2810.47561139502,70.4973241114355,128.177060035657,0.666569300675147,64.1539647531773,56.5335242630457,2708.45496980003,42.2161122049781,19.5336741899679,3381.21208096503,35.2424937279869,38.8938268403789,8.34634604497559,210.78570382329,98.9854438714156,53.1849083242392,27.2310644151368,8.81205730003451,27.6462338656829,8.85598578047866,21.9576306247927,3.20288339640881,25.1525241666027,17.0946670874978,25.9783273353223,1.1730090557589,21.9717682196857,4.58030914945589,2.49950752362451,1.08139259042094,0.0482682862699926,3.44873183219508,0.751307848492259,53.9972310290434,41.1848908341596,100,88.8295361468594,100,94.4717848016155,1,83.6741761515341,65.0050687909423,74.4366053614098,1,54.2168150576441,99.503675319337,100
-0.00333578000664711,5827.14857139386,7433.48235338826,14.4245583526334,24.187617276122,47.7980706097345,2813.40017892291,70.095381379082,128.178208775904,0.701215035759391,64.3250142557754,54.4971049088062,2710.8531984157,42.2427293477224,19.5615055003218,3384.21495050173,35.3662428207577,38.9674497532555,10.2688677882444,210.298802155227,98.9911327048577,53.1080639028545,27.2310644151368,8.81205730003451,27.6462338656829,8.85598578047866,21.9576306247927,3.20288339640881,25.1525241666027,17.0946670874978,25.9783273353223,1.1730090557589,21.9717682196857,4.58030914945589,2.49950752362451,1.08139259042094,0.0482682862699926,3.44873183219508,0.751307848492259,53.9972310290434,41.1848908341596,100,88.873941405459,100,94.4994168834159,1,88.4949005404063,64.9803437144174,74.3999771989279,1,54.0600269131969,97.5112656691742,100
0.000623718577623367,5835.98544426955,7420.71581353862,14.3049275259513,23.8222469881936,48.1780890311419,2814.51402373786,70.3726381548766,128.186803290754,0.739604610024535,64.489152992413,56.1676288112382,2713.23160367978,42.2729763369964,18.930642914606,3386.57709844483,35.1657563056478,39.0067372012517,8.92834407355216,209.502969175238,99.019942121436,53.0040621811202,27.2509236117873,8.70068765249713,27.9463342628773,8.9706629464363,22.3053284857435,3.12577707373506,24.4685335358895,17.1917799940273,26.63561545509,1.21845528606173,21.898261969711,4.53442285251735,2.64536543904017,1.11542214550806,0.0482682862699926,3.44873183219508,0.751307848492259,53.9972310290434,41.1848908341596,100,88.9158429449661,100,94.3893009630116,1,94.1003491399511,64.9453764232239,74.3744778337795,1,54.2040875782819,99.7338307053813,100
-0.00160783812403679,5812.21192284621,7391.75989212411,14.4409345446281,23.971787474822,48.0367854877706,2816.26423200116,70.3258459937567,128.188401952985,0.790613853252814,64.683180453078,53.6712704927637,2714.71618657096,42.3552526857897,19.3745209221004,3388.84265964088,35.3395551130059,39.0757002783711,8.8669481043897,208.969868879428,99.0146528878254,52.9862713669636,27.2509236117873,8.70068765249713,27.9463342628773,8.9706629464363,22.3053284857435,3.12577707373506,24.4685335358895,17.1917799940273,26.63561545509,1.21845528606173,21.898261969711,4.53442285251735,2.64536543904017,1.11542214550806,0.0482682862699926,3.44873183219508,0.751307848492259,53.9972310290434,41.1848908341596,100,88.9585076545686,100,94.418317256001,1,100,64.9130831364807,74.3226583069845,1,54.0314058825018,97.3448550930079,100
0.00061880891919136,5830.74544426001,7409.75350262207,14.4017520337534,23.3630321081924,48.2238366960798,2818.43007414582,71.8910743439197,128.186360736598,0.786062440064396,64.916440668004,54.338999857728,2717.20967792489,42.0474301645545,16.6704864597465,3391.63788905069,35.6131938034311,39.1372981938186,6.63861556301169,208.328618651111,99.0099385344258,52.8993208791951,26.9146719011888,8.4296971608232,28.0529961228228,8.90483552407281,22.5171005668827,3.07365669906551,24.4012947013417,17.2452859420306,26.7267094733218,1.149252838233,22.193507420678,4.48610013755208,2.59026435274955,1.053504324813,0.0482682862699926,3.44873183219508,0.751307848492259,53.9972310290434,41.1848908341596,100,89.0014353251493,100,94.208843677503,1,100,64.8186718075273,74.2919626930525,1,54.1435477579275,100,100
-0.00098019306063652,5799.79144331015,7400.26085399843,14.4174706713832,23.540917092155,47.9836618449665,2821.17494183667,70.5186093178152,128.189457421255,0.784068228353578,65.1858428355733,54.2301858504589,2720.28971615483,42.2032880599058,16.4059187468058,3395.30114700526,35.4760978060518,39.2530400331402,8.94198567823037,208.141018306782,99.037987978924,52.8493112386286,26.9146719011888,8.4296971608232,28.0529961228228,8.90483552407281,22.5171005668827,3.07365669906551,24.4012947013417,17.2452859420306,26.7267094733218,1.149252838233,22.193507420678,4.48610013755208,2.59026435274955,1.053504324813,0.0713732882873105,3.78377947640234,0.77956779060383,53.9854259223332,40.4349930253506,100,89.0575678701623,100,94.1889438920736,1,100,64.7579561386848,74.2201387115774,1,54.1065511590364,100,100
0.000169705277681351,5794.74110551871,7449.77529894055,14.3635973706527,23.3747760763051,48.0593990776738,2824.41960518823,72.3388701864813,128.190301685945,0.778260793109903,65.4364163716668,52.7518738041381,2723.94268313227,42.3159106466292,14.4272805028256,3399.38338814031,35.3235094799177,39.3581766676834,6.24573188322823,207.46772324783,99.0304769230645,52.753295977573,26.3459913503458,8.65100198935683,28.5551278930643,8.96135992967897,22.9291168494756,3.00674183952227,23.5861930594003,17.1481121393362,26.7768149507144,1.11411166461796,23.0585814877143,4.39929796943939,2.6731877178153,1.11921950766927,0.0713732882873105,3.78377947640234,0.77956779060383,53.9854259223332,40.4349930253506,100,89.1198919591431,100,93.9965929283482,1,100,64.6218102811667,74.1495678911348,1,53.9688892670893,97.8168533866601,100
-0.00171588007807732,5821.58407612837,7458.83928912476,14.3606308814072,23.4565446824573,48.2676221391085,2828.88564945024,72.8937964413591,128.21019442549,0.776689734751989,65.6650587757002,53.7140656583007,2728.41256201419,41.9392063322112,14.5899243188433,3404.00893152338,35.2949267161872,39.4638267265249,7.9006431460259,206.979946498871,99.0477261016023,52.6880009205607,26.3459913503458,8.65100198935683,28.5551278930643,8.96135992967897,22.9291168494756,3.00674183952227,23.5861930594003,17.1481121393362,26.7768149507144,1.11411166461796,23.0585814877143,4.39929796943939,2.6731877178153,1.11921950766927,0.0713732882873105,3.78377947640234,0.77956779060383,53.9854259223332,40.4349930253506,100,89.1731607496214,100,94.0191885013967,1,100,64.4926048308158,74.0777314433216,1,54.0720021217316,99.5348911128923,100
-0.00152874571681023,5799.89611168898,7452.95188031799,14.3541741080058,23.2838383402103,48.2147619055926,2833.02856845494,72.3554255592098,128.206214207935,0.770093155917242,65.8813941647861,51.5350725633291,2732.38460638547,42.106232484937,13.9990980735824,3409.50291191239,35.405446538999,39.5513523247682,8.66982184523451,206.293814526292,99.027116709827,52.5839827495231,25.8407301676819,8.47576273422447,28.374188271949,9.03082058696635,22.8403895236464,2.93777153243139,23.2447690393319,16.9546617025751,26.9145542161129,1.24389772865467,23.6860962786522,4.3517911275552,2.7095674366556,1.16338579030581,0.0713732882873105,3.78377947640234,0.77956779060383,53.9854259223332,40.4349930253506,100,89.2459025895965,100,93.7880214528371,1,100,64.4106747505,74.0152302769898,1,54.1127098927033,96.2687968128252,100
-0.00164215670228004,5798.65801205433,7422.80367654689,14.2410154886174,23.3530546086267,47.7958801420838,2837.29674981555,73.3259875294924,128.177238239046,0.769198051702885,66.1065743603189,49.8616554191388,2737.23513513439,41.9248834256295,11.5202318614902,3414.55099325537,35.430625989373,39.6317834921656,7.30713295602664,205.736931991409,99.0455022485118,52.59114817103,25.8407301676819,8.47576273422447,28.374188271949,9.03082058696635,22.8403895236464,2.93777153243139,23.2447690393319,16.9546617025751,26.9145542161129,1.24389772865467,23.6860962786522,4.3517911275552,2.7095674366556,1.16338579030581,0.0713732882873105,3.78377947640234,0.77956779060383,53.9854259223332,40.4349930253506,100,89.298440563823,100,93.7495532976446,1,100,64.2704077577214,73.9349187620512,1,54.1030874863014,96.7029375909106,100
0.000481765741109848,5817.94622340001,7483.94579959076,14.2868025356553,23.0098835515013,47.4958487719991,2842.42359382109,73.2768386523,128.191142799307,0.766016516170177,66.3268372633518,49.6206813310393,2742.68313704959,42.0634366712955,11.5534806643268,3421.58965977669,35.0637036605762,39.7045515195951,7.06892716923325,205.231514438517,99.0356340101028,52.4729112510234,25.7213523406753,8.38501700532121,28.1336645764297,9.23333532951002,23.1932022409016,2.92335765789165,22.7130689597355,16.6372164432335,27.3316668718707,1.29162653343486,23.6386994834945,4.34108325261422,2.68549364496824,1.11605719562053,0.0448238173613744,3.93443484793838,0.759131759068947,53.325842021514,40.4552023890614,100,89.323151215872,100,93.7457787955451,1,100,64.1256797653779,73.8629919279332,1,54.11611707462,100,100
0.00210316008925438,5826.47209467686,7455.2275354336,14.309369841141,22.9857819989152,47.7630492369678,2848.14922668314,74.59820860254,128.205879196093,0.76200542560763,66.5234129862719,51.6746221051944,2748.45837322859,42.0865906190009,7.82829844454219,3428.55697360839,35.1816524162485,39.7458645025308,7.34191931278219,204.507385338393,99.052416656514,52.425959246586,25.7213523406753,8.38501700532121,28.1336645764297,9.23333532951002,23.1932022409016,2.92335765789165,22.7130689597355,16.6372164432335,27.3316668718707,1.29162653343486,23.6386994834945,4.34108325261422,2.68549364496824,1.11605719562053,0.0448238173613744,3.93443484793838,0.759131759068947,53.325842021514,40.4552023890614,100,89.3414921671199,100,93.8556857395329,1,100,63.9838236210203,73.7625962592403,1,54.0482791369961,97.8312656007071,100
-0.000936205726861954,5815.01657523907,7481.94447375463,14.3353593142555,23.1474155391878,47.2513857893063,2854.36547104373,74.1944475600323,128.203624734728,0.763784081199633,66.6930961595011,49.3212792946839,2754.78864801721,41.7355302110628,7.80495638629575,3435.42172155741,35.2306892747336,39.7423826074269,11.1336745687392,204.118481425755,99.0718604385287,52.398761167537,25.3372891343738,8.27238482449494,28.8498367600666,9.13248228478325,24.0842409902859,2.84188909495088,21.9010896926317,16.7310267119153,27.0069270270127,1.38340569400614,24.4939842682233,4.25475384476103,2.74898040473953,1.13195725894384,0.0448238173613744,3.93443484793838,0.759131759068947,53.325842021514,40.4552023890614,100,89.4049370937175,100,93.8701506121903,1,100,63.8287524314978,73.6642645678338,1,54.0741270065113,97.1108997393087,100
0.00173482945561409,5785.55406971968,7458.54212967038,14.3934699101332,22.8273884064828,47.5436485879165,2861.22694928435,75.6733662636558,128.176934687026,0.761204988752627,66.8325934680757,49.8015434692927,2761.23210835526,41.671890541101,6.1122608127297,3444.05795335687,35.0641323845234,39.7497989803959,6.84630841976064,203.602941465941,99.0309328324965,52.3572722532454,25.3372891343738,8.27238482449494,28.8498367600666,9.13248228478325,24.0842409902859,2.84188909495088,21.9010896926317,16.7310267119153,27.0069270270127,1.38340569400614,24.4939842682233,4.25475384476103,2.74898040473953,1.13195725894384,0.0448238173613744,3.93443484793838,0.759131759068947,53.325842021514,40.4552023890614,100,89.4641176999289,100,93.9001318110427,1,100,63.6653802472186,73.5322102249813,1,53.9950557356111,97.7228748330235,100
-0.000885299402475357,5815.45349850453,7496.66416383744,14.2940716710508,22.7557706037098,47.3038728595059,2867.80597352882,76.3467818742248,128.207592131004,0.762816523906787,66.9365122228811,48.1760121959506,2768.23898586444,41.8994642823551,2.52820423547065,3451.98650557362,34.9963563064406,39.7506438634906,9.75912445707402,203.677962017511,99.0461698275974,52.3368104963927,25.0414504772405,8.05427559126655,27.9945602512785,9.35150563384074,24.2012360074906,2.80386612741161,21.953640386146,16.4320096584239,27.3896736655686,1.3171919605964,24.9196459195119,4.20967389163524,2.65215631863444,1.18853273163759,0.0448238173613744,3.93443484793838,0.759131759068947,53.325842021514,40.4552023890614,100,89.5309329643914,100,93.5594220389537,1,100,63.4906747031101,73.3887178075753,1,54.0672496696525,98.532458422923,100
-0.000745901030302048,5840.20876260794,7466.10869167149,14.162313537,23.4049374823787,47.266783194846,2874.14860711502,77.5128820046895,128.18299042589,0.759816317214727,67.0436415005673,47.2140676094515,2773.96137322013,41.5933533527659,2.65209714243589,3458.95135391489,35.1157141850313,39.692492747004,9.09443914557451,203.41623662308,99.0756553829329,52.2016683616004,25.0414504772405,8.05427559126655,27.9945602512785,9.35150563384074,24.2012360074906,2.80386612741161,21.953640386146,16.4320096584239,27.3896736655686,1.3171919605964,24.9196459195119,4.20967389163524,2.65215631863444,1.18853273163759,0.0503128733295556,4.02661556158145,0.689377117154091,54.7241811160878,40.7216791356785,100,89.7439569512227,100,93.5575733903524,1,100,63.363077523806,73.2642549535124,1,53.8359346414164,98.3770060558072,100
0.0010653925716877,5792.03296705283,7508.63225484999,14.3338044494199,22.7867998734645,47.2769786123168,2881.3893090744,77.3517950731139,128.184836157425,0.756863148322336,67.0980519341556,46.4530531750456,2781.81126363689,41.4352516393651,2.96267480255087,3468.37885246703,35.0852296609026,39.613629797057,8.66410469858606,202.861447700544,99.0926501701756,52.2226041079612,25.5170197855529,8.17798953112411,28.1577760314784,9.22587185727016,24.0557791532837,2.73509200090172,20.7928508900829,16.2576056330778,27.5457963379072,1.20398765812948,25.5388416204691,4.16953628658711,2.65745980902747,1.09453381926063,0.0503128733295556,4.02661556158145,0.689377117154091,54.7241811160878,40.7216791356785,100,89.9071680938701,100,93.8481717507568,1,100,63.2708856366283,73.1491814009858,1,53.7610586393404,96.9761830957306,100
0.00284255159497261,5860.61232658423,7494.7059345206,14.3588144716196,22.8902451568324,47.2171413461307,2889.68540502332,79.0942868329586,128.191892866964,0.758347394587029,67.1880780166301,47.7912538055629,2790.08167380358,41.3335530217988,-1.69870871945979,3478.01077845923,34.8405603882945,39.5098972370282,9.25899512023178,202.319581836673,99.0981795555604,52.2409490830148,25.5170197855529,8.17798953112411,28.1577760314784,9.22587185727016,24.0557791532837,2.73509200090172,20.7928508900829,16.2576056330778,27.5457963379072,1.20398765812948,25.5388416204691,4.16953628658711,2.65745980902747,1.09453381926063,0.0503128733295556,4.02661556158145,0.689377117154091,54.7241811160878,40.7216791356785,100,90.0642094543439,100,94.0060063650186,1,100,63.1158117857174,73.0002249975062,1,53.9418535201931,97.8555436129343,100
-0.00130176088213921,5777.49135585822,7543.62828528276,14.2317742382393,22.6946825500911,47.4860988951512,2898.57483820475,78.9656044349508,128.200233576296,0.755548047690997,67.2525201353889,44.1418610119925,2799.08845581588,41.4123536031611,-3.28424423539222,3488.66112025061,34.9503579143099,39.4223280611378,8.47835527032613,202.21791308167,99.1250915342697,52.1273374292078,24.5607033446675,7.88781139148958,28.3862269859946,9.20623469656722,24.8512561892551,2.7123630752934,20.3342470048095,15.9211797618162,27.8134217568174,1.40204209220927,26.1900466524189,4.05232125842107,2.74071672398698,1.11825168104796,0.0503128733295556,4.02661556158145,0.689377117154091,54.7241811160878,40.7216791356785,100,90.2302391335329,100,93.8650379362812,1,100,63.006971965486,72.8558296527095,1,53.7905924489499,100,100
-0.000403202837705612,5781.83459468878,7551.20609646968,14.3063390377804,22.8157869279704,47.2458335674776,2906.84303470689,79.8766212642106,128.172031503672,0.752625279989322,67.2306510664309,46.8473202375136,2806.68790224792,41.4384495394205,-7.07185726568157,3498.79195564198,34.8388629279068,39.2720966673172,9.27160575177253,202.24395975323,99.1559792463364,52.1275020167336,24.5607033446675,7.88781139148958,28.3862269859946,9.20623469656722,24.8512561892551,2.7123630752934,20.3342470048095,15.9211797618162,27.8134217568174,1.40204209220927,26.1900466524189,4.05232125842107,2.74071672398698,1.11825168104796,0.0503128733295556,4.02661556158145,0.689377117154091,54.7241811160878,40.7216791356785,100,90.3734620796203,100,93.864241791648,1,100,62.9373126247729,72.7166521672164,1,53.7731547260384,93.9168417631237,100
0.000896873992681503,5793.40209903515,7555.15220883368,14.3568068268386,22.937373503553,47.3871159082255,2914.85159755599,81.9681574070151,128.178709651632,0.757423874164203,67.2106542726678,46.1672541440873,2814.88684885108,41.3280558690087,-6.79020074915466,3508.58983038083,34.8101141180824,39.1334098068872,9.20816360217925,202.123139563607,99.1776657674177,52.1296697060461,24.2667364242018,7.96648558496719,28.7658072608666,9.29592109497373,24.6295462785201,2.6378822543184,19.9944334166307,15.9465700226232,28.7245205305304,1.55300718588932,26.5901996289494,4.00748266977587,2.69686187672142,1.07028240423044,0.0645983635649829,4.17681622533305,0.67554213127692,54.5343554638191,39.431694862827,100,90.4977020835683,100,93.8373140666179,1,100,62.872780768644,72.5608595351296,1,53.6188613345844,97.3632775272691,100
0.000305211156606674,5807.47900357045,7529.20185368583,14.2797330635849,22.7709988600011,47.1251563924072,2924.20267026979,81.4551698664498,128.172001958091,0.753649565974381,67.1932032210343,43.9085244022731,2824.11686708364,41.2445836279996,-8.90324193954463,3519.1571640409,34.725848660869,38.9800008928875,9.63731369858211,201.425040380616,99.2001782250145,52.0918126999639,24.2667364242018,7.96648558496719,28.7658072608666,9.29592109497373,24.6295462785201,2.6378822543184,19.9944334166307,15.9465700226232,28.7245205305304,1.55300718588932,26.5901996289494,4.00748266977587,2.69686187672142,1.07028240423044,0.0645983635649829,4.17681622533305,0.67554213127692,54.5343554638191,39.431694862827,100,90.6578733087832,100,93.9521634449259,1,100,62.7854480924019,72.4570976999881,1,53.5789150465895,97.6982518802409,100
0.00122666367888451,5806.2433420638,7569.17011888609,14.3971753027645,22.6369876773875,47.252175293022,2933.25451370776,83.8553253379359,128.175766567071,0.758476258941276,67.1591155367874,43.895430283711,2832.97501970678,41.1452947699485,-13.6319569257388,3530.09342020807,34.8262394600594,38.7917469736104,9.12283637482575,201.316619097345,99.2252551946487,52.096371523578,24.7664873729781,7.80732148222201,28.429581370942,9.36694119459146,25.1210802148585,2.59231655235482,19.8586931231784,15.707036776013,28.4766005521582,1.61690015218033,26.7296006087764,3.91371943852555,2.71850017861332,1.12170724458513,0.0645983635649829,4.17681622533305,0.67554213127692,54.5343554638191,39.431694862827,100,90.8085462918282,100,93.7732527798439,1,100,62.7251504211881,72.3154706227878,1,53.5111839111663,96.8996810236622,100
-3.92289698123932e-05,5779.01469125546,7591.53943256549,14.3684729203521,23.1639099671638,47.1380445454698,2942.96358735067,84.5326780681235,128.159742723705,0.752127802183279,67.1146974045015,41.7976237373373,2842.51077539294,41.1896248349177,-16.3459312423499,3540.77870248518,34.6610724915541,38.6019929451507,6.44127899992809,201.099352763908,99.2648511814888,52.0954857291911,24.7664873729781,7.80732148222201,28.429581370942,9.36694119459146,25.1210802148585,2.59231655235482,19.8586931231784,15.707036776013,28.4766005521582,1.61690015218033,26.7296006087764,3.91371943852555,2.71850017861332,1.12170724458513,0.0645983635649829,4.17681622533305,0.67554213127692,54.5343554638191,39.431694862827,100,90.9269869394153,100,93.804539601299,1,100,62.6880905105739,72.1550384238625,1,53.4774892028408,100,100
0.00196476039290428,5815.85107054509,7661.3861487697,14.2667932301823,22.7338992027211,47.5833241887894,2951.45983645036,84.1593846205591,128.164217761894,0.751674979405104,67.0133843446928,43.5752365043305,2850.84374726823,41.2840017433538,-17.3903353251981,3552.17027264625,34.4496219276542,38.3837680693164,9.46261656666679,201.011302375556,99.3081127444088,52.0980123350302,24.0677866131925,7.85456000061301,28.5717039169447,9.27947848336957,25.3577940715107,2.57992307638864,19.4880635428867,15.6163399547598,28.6868974711169,1.46590462111369,27.2387659738429,3.8026674940679,2.68283048512497,1.0716274544525,0.0645983635649829,4.17681622533305,0.67554213127692,54.5343554638191,39.431694862827,100,91.0868260121326,100,93.8324801222641,1,100,62.6354153464241,72.0090745440658,1,53.3607524609194,96.1625499671183,100
-0.000996597200632095,5797.36455216206,7625.91151826903,14.2757831987845,22.7736113382881,47.2181519881599,2961.3938715777,85.0362708986758,128.17611361363,0.755205975325565,66.9355403191636,43.5929785142771,2860.80751703397,41.330610437199,-20.5131538994234,3563.98330264504,34.5560422026113,38.1696946226291,9.11270557380726,201.037285563921,99.3355079067375,52.1400162127038,24.0677866131925,7.85456000061301,28.5717039169447,9.27947848336957,25.3577940715107,2.57992307638864,19.4880635428867,15.6163399547598,28.6868974711169,1.46590462111369,27.2387659738429,3.8026674940679,2.68283048512497,1.0716274544525,0.0639583378429114,4.48451302052472,0.638552032758582,55.7118053929586,39.0444720824726,100,91.3184623864163,100,93.9222470532561,1,100,62.5867988226125,71.8400798492996,1,53.0289420454,94.9096421028862,100
0.000258162206411362,5817.27839627064,7623.7272008562,14.3463559273779,22.8887827534828,47.0948339312373,2970.90276185364,85.6697827128801,128.163437852628,0.755341673716262,66.8405106332767,43.6331959563831,2870.27004911853,40.9795294712895,-24.1873761586237,3575.79367981498,34.4532109578996,37.9247101794771,7.52941092525995,200.74064155385,99.3504512713486,52.1395128751278,23.6976939200891,7.73311070400866,28.8512179698948,9.28209754777026,25.7548768062354,2.48694060153174,18.9802002420524,15.6562148611123,28.7595646873902,1.60287665334631,27.481630503652,3.6965785111514,2.57810471919509,1.05926432921693,0.0639583378429114,4.48451302052472,0.638552032758582,55.7118053929586,39.0444720824726,100,91.5723877381144,100,93.9598670417043,1,100,62.5759914388507,71.6882267406052,1,52.9372735999837,98.1908091236819,100
0.00112732052206993,5794.41742887295,7678.3546069305,14.4780533952926,22.7404393060709,47.4883288090943,2981.71481048756,87.2063744487203,128.175845770943,0.752988929431398,66.7088557558287,41.1824043293989,2880.82586527926,40.9659079206296,-24.211468537534,3587.26368440631,34.3396706443508,37.6619544737329,10.3881459115014,201.134259706453,99.3812552922492,52.1438145858231,23.6976939200891,7.73311070400866,28.8512179698948,9.28209754777026,25.7548768062354,2.48694060153174,18.9802002420524,15.6562148611123,28.7595646873902,1.60287665334631,27.481630503652,3.6965785111514,2.57810471919509,1.05926432921693,0.0639583378429114,4.48451302052472,0.638552032758582,55.7118053929586,39.0444720824726,100,91.7994877061729,100,94.0795507739534,1,100,62.5929412288879,71.5737450126977,1,53.0953528901842,100,100
